Shriram,130
Shriram,1380
Shriram,130
Shriram,1380
Shriram,280
Shriram,1380
Shriram,130
Shriram,1380
Shriram,2000
Shriram,1380
Shriram,130
Shriram,120
Shriram,410
Shriram,0
Shriram,0
Shriram,130
Shriram,0
Shriram,0
Shriram,200
Shriram,0
Shriram,0
Shriram,0
Shriram,0
Shriram,100
Shriram,0
Shriram,100
Shriram,0
S,0
Shriram,0
Shriram,100
Shriram,0
Shriram,100
Shriram,0
Shriram,0
Shr,0
Shriram,0
Shriram,0
Shriram,0
Shriram,0
Shriram,60
Shriram,0
Shriram,0
Shriram,0
Shriram,0
Shriram,0
Shriram,0
Shriram,0
Shriram,0
Shriram,0
Shriram,0
Shriram,0
Shriram,20
Shriram,0
Shriram,0
Shriram,0
Shriram,0
Shriram,0
Shriram,0
Shriram,0
Shriram,0
Shriram,0
Shriram,0
Shriram,0
Shriram,0
Shriram,0
Shriram,0
Shriram,0
Shriram,0
Shriram,0
Shriram,0
Shriram,0
Shriram,0
Shriram,0
Shriram,0
Shri,1100
Shriram,1470
Shriram,0
Shriram,1750
Shriram ,120
Shriram ,110
Shriram,300
